City_ID,City,Lat,Lng,Max Temp,Humidity,Cloudiness,Wind Speed,Country,Date
0,morbegno,46.1383,9.57,14.58,31,5,2.72,IT,1675260079
1,severo-kurilsk,50.6789,156.125,-5.48,60,92,4.85,RU,1675259969
2,tura,25.5198,90.2201,17.3,38,0,0.54,IN,1675260081
3,beni suef,29.0731,31.0979,17.46,36,28,10.27,EG,1675260081
4,port alfred,-33.5906,26.891,23.43,79,70,4.92,ZA,1675259865
5,guatire,10.4762,-66.5427,27.61,54,1,1.69,VE,1675259805
6,lebu,-37.6167,-73.65,16.36,71,4,7.86,CL,1675259826
7,rikitea,-23.1203,-134.9692,25.69,78,4,7.11,PF,1675259881
8,tasiilaq,65.6145,-37.6368,-10.39,72,100,11.05,GL,1675259904
9,chuy,-33.6971,-53.4616,27.12,62,41,4.99,UY,1675259776
10,punta arenas,-53.15,-70.9167,14.01,62,75,12.86,CL,1675260085
11,qaanaaq,77.484,-69.3632,-24.4,63,80,3.47,GL,1675259901
12,severodvinsk,64.5635,39.8302,-3.94,92,84,4.28,RU,1675260087
13,mar del plata,-38.0023,-57.5575,23.24,77,40,5.14,AR,1675259666
14,kyabe,9.4515,18.9449,39.78,6,0,2.55,TD,1675260088
15,bambous virieux,-20.3428,57.7575,29.14,70,75,4.63,MU,1675260089
16,kodiak,57.79,-152.4072,1.4,85,100,1.99,US,1675260089
17,anito,12.4497,125.2886,25.67,91,15,4.08,PH,1675260090
18,cayenne,4.9333,-52.3333,24.02,94,75,6.69,GF,1675260090
19,newport,51.5877,-2.9984,10.98,74,66,8.09,GB,1675259851
20,bethel,41.3712,-73.414,-2.12,61,0,1.54,US,1675259894
21,clyde river,70.4692,-68.5914,-36.87,61,0,2.06,CA,1675260092
22,avarua,-21.2078,-159.775,27.03,74,40,4.12,CK,1675259902
23,sobolevo,54.4299,31.8996,-1.15,83,100,6.08,RU,1675260093
24,cape town,-33.9258,18.4232,26.73,51,0,6.17,ZA,1675259754
25,antalaha,-14.9003,50.2788,26.7,86,66,5.16,MG,1675260094
26,batemans bay,-35.7167,150.1833,20.61,91,100,0.63,AU,1675259880
27,kudahuvadhoo,2.6708,72.8944,26.87,72,66,6.27,MV,1675260095
28,puerto ayora,-0.7393,-90.3518,26.42,89,89,2.24,EC,1675259699
29,cherskiy,68.75,161.3,-25.08,100,100,0.72,RU,1675260096
30,butaritari,3.0707,172.7902,26.79,79,100,6.79,KI,1675259977
31,upernavik,72.7868,-56.1549,-25.74,99,65,3.33,GL,1675259943
32,vaini,-21.2,-175.2,27.09,83,75,4.63,TO,1675259903
33,port augusta,-32.5,137.7667,19.2,68,4,7.13,AU,1675260097
34,san cristobal,7.7669,-72.225,17.1,63,33,0.14,VE,1675260098
35,bose,45.4612,8.0137,14.05,47,0,1.45,IT,1675260099
36,nikolskoye,59.7035,30.7861,-0.05,93,100,2.46,RU,1675259974
37,talnakh,69.4865,88.3972,-13.77,95,100,7.07,RU,1675260100
38,grand gaube,-20.0064,57.6608,29.22,70,100,2.68,MU,1675259988
39,airai,-8.9266,125.4092,17.04,94,100,0.67,TL,1675259913
40,guerrero negro,27.9769,-114.0611,12.43,66,87,2.51,MX,1675260102
41,klaksvik,62.2266,-6.589,2.51,68,89,6.85,FO,1675259877
42,vao,-22.6667,167.4833,26.07,79,55,3.68,NC,1675260102
43,moranbah,-22.0016,148.0466,26.75,75,100,3.24,AU,1675260103
44,mahebourg,-20.4081,57.7,29.16,70,75,4.63,MU,1675259964
45,albany,42.6001,-73.9662,-7.59,57,15,0.86,US,1675259624
46,georgetown,5.4112,100.3354,25.96,94,40,1.03,MY,1675260105
47,katsuura,35.1333,140.3,13.01,63,75,13.12,JP,1675259949
48,geraldton,-28.7667,114.6,24.23,78,0,5.66,AU,1675259924
49,manoel urbano,-8.8389,-69.2597,25.39,85,100,1.66,BR,1675260107
50,northam,51.0333,-4.2167,9.78,82,100,9.37,GB,1675260108
51,pevek,69.7008,170.3133,-17.0,94,100,1.19,RU,1675260108
52,alofi,-19.0595,-169.9187,24.94,94,100,5.66,NU,1675259933
53,dikson,73.5069,80.5464,-15.03,88,100,5.73,RU,1675259948
54,santa cruz,-17.8,-63.1667,27.03,69,40,4.63,BO,1675259977
55,barrow,71.2906,-156.7887,-21.99,71,0,12.35,US,1675259871
56,krasnoborsk,61.5598,45.934,-2.98,88,73,3.83,RU,1675260110
57,lingao,19.9103,109.6859,20.63,87,63,5.07,CN,1675260111
58,hilo,19.7297,-155.09,25.16,92,0,1.54,US,1675259916
59,anamur,36.0751,32.8369,9.2,64,100,1.78,TR,1675259915
60,carnarvon,-24.8667,113.6333,25.56,79,3,7.64,AU,1675259981
61,bluff,-46.6,168.3333,15.91,98,100,2.1,NZ,1675259893
62,mataura,-46.1927,168.8643,16.45,100,100,0.99,NZ,1675259881
63,rincon,32.296,-81.2354,17.98,96,100,3.09,US,1675260113
64,pingliang,35.5392,106.6861,-1.16,28,100,1.26,CN,1675260114
65,bereda,43.2686,-7.5406,12.3,75,13,3.07,ES,1675260114
66,macouria,4.9167,-52.3667,23.97,94,75,6.69,GF,1675260115
67,iqaluit,63.7506,-68.5145,-25.73,75,100,2.57,CA,1675259887
68,provideniya,64.3833,-173.3,-6.37,95,100,1.82,RU,1675259901
69,bredasdorp,-34.5322,20.0403,26.42,41,40,7.72,ZA,1675259930
70,lubumbashi,-11.6609,27.4794,23.35,82,84,1.82,CD,1675260117
71,hamilton,39.1834,-84.5333,-6.53,80,69,0.89,US,1675259998
72,dunedin,-45.8742,170.5036,18.22,97,100,1.79,NZ,1675260108
73,vardo,70.3705,31.1107,-0.01,86,75,9.26,NO,1675260119
74,bajil,15.0584,43.2851,30.28,41,5,5.44,YE,1675260119
75,phek,25.6667,94.5,10.03,57,81,0.45,IN,1675260120
76,ponta do sol,32.6667,-17.1,19.84,55,30,4.49,PT,1675259928
77,kaitangata,-46.2817,169.8464,16.76,99,100,1.76,NZ,1675259973
78,port lincoln,-34.7333,135.8667,15.85,54,88,6.24,AU,1675259991
79,singkawang,0.9,109.0,24.95,90,91,1.39,ID,1675260122
80,radviliskis,55.8167,23.5333,1.03,100,100,3.6,LT,1675260122
81,yatou,37.15,122.3833,-1.55,47,87,8.25,CN,1675260123
82,touros,-5.1989,-35.4608,30.28,55,98,6.7,BR,1675260124
83,tezu,27.9167,96.1667,19.61,37,48,2.05,IN,1675260124
84,tiksi,71.6872,128.8694,-20.61,97,100,4.71,RU,1675259924
85,faanui,-16.4833,-151.75,27.81,71,100,8.36,PF,1675259957
86,steinbach,50.1667,8.5667,7.57,63,75,10.8,DE,1675260126
87,chara,56.9064,118.2631,-24.95,75,31,1.73,RU,1675260127
88,new norfolk,-42.7826,147.0587,9.72,59,82,1.34,AU,1675259886
89,balaipungut,1.05,101.2833,24.5,89,100,0.91,ID,1675260128
90,hobart,-42.8794,147.3294,9.92,81,40,4.12,AU,1675259899
91,dharchula,29.85,80.5333,10.64,29,0,4.77,IN,1675260128
92,hermanus,-34.4187,19.2345,24.33,67,5,4.91,ZA,1675259867
93,praia da vitoria,38.7333,-27.0667,17.09,72,20,2.57,PT,1675260129
94,castro,-24.7911,-50.0119,18.73,97,99,2.06,BR,1675259914
95,mackay,-21.15,149.2,25.93,88,98,3.73,AU,1675260132
96,saint-philippe,-21.3585,55.7679,28.77,78,55,4.79,RE,1675259945
97,the pas,53.8251,-101.2541,-28.99,76,100,1.03,CA,1675260133
98,port blair,11.6667,92.75,27.02,78,40,2.06,IN,1675260133
99,miles city,46.4083,-105.8406,-5.46,68,75,4.12,US,1675260134
100,gangtok,27.3333,88.6167,9.32,58,0,2.43,IN,1675260110
101,phu ly,20.5411,105.9139,19.84,83,46,2.52,VN,1675259835
102,harper,4.375,-7.7169,29.87,63,42,4.04,LR,1675260135
103,roald,62.5833,6.1333,2.08,75,0,4.12,NO,1675260135
104,tuktoyaktuk,69.4541,-133.0374,-33.56,100,20,0.76,CA,1675259870
105,sinjar,36.3209,41.8754,10.63,58,100,7.2,IQ,1675260136
106,busselton,-33.65,115.3333,18.45,51,0,8.21,AU,1675259910
107,bichura,50.5881,107.6022,-19.67,92,56,1.43,RU,1675260137
108,buchanan,5.8808,-10.0467,30.31,63,9,4.79,LR,1675260138
109,kapaa,22.0752,-159.319,20.05,82,0,2.57,US,1675259936
110,lompoc,34.6391,-120.4579,6.99,93,0,4.12,US,1675259962
111,wainwright,52.839,-110.8572,-15.3,97,100,1.91,CA,1675260139
112,conde,-7.2597,-34.9075,29.7,62,75,4.63,BR,1675260140
113,broken hill,-31.95,141.4333,22.59,34,0,5.7,AU,1675260140
114,atuona,-9.8,-139.0333,25.88,71,15,8.99,PF,1675259923
115,asau,46.4333,26.4,3.51,76,50,3.07,RO,1675260141
116,camopi,3.1655,-52.3158,26.64,76,60,1.9,GF,1675260143
117,sao sebastiao,-23.76,-45.4097,28.03,71,100,1.36,BR,1675259877
118,hermosillo,29.0667,-110.9667,11.03,82,75,0.0,MX,1675260144
119,namatanai,-3.6667,152.4333,25.77,84,100,2.77,PG,1675260144
120,fukuma,33.7667,130.4667,11.27,55,100,6.21,JP,1675260145
121,half moon bay,37.4636,-122.4286,8.12,66,20,2.06,US,1675260099
122,kwinana,-32.25,115.7667,26.56,36,0,1.79,AU,1675260146
123,vostok,46.4856,135.8833,-24.69,98,99,2.19,RU,1675260147
124,nosy varika,-20.5833,48.5333,24.67,85,100,3.61,MG,1675260147
125,yellowknife,62.456,-114.3525,-35.25,75,0,6.17,CA,1675259642
126,bako,5.7833,36.5667,26.77,36,55,2.22,ET,1675260148
127,pishva,35.308,51.7267,10.16,44,0,5.79,IR,1675260149
128,ketchikan,55.3422,-131.6461,5.99,98,100,2.02,US,1675260149
129,pleshanovo,52.8333,53.4833,-17.89,91,16,2.37,RU,1675260150
130,tadine,-21.55,167.8833,25.6,85,85,2.64,NC,1675260151
131,along,28.1667,94.7667,16.31,60,5,0.98,IN,1675260151
132,victoria,22.2855,114.1577,21.03,83,4,4.92,HK,1675259869
133,ushuaia,-54.8,-68.3,11.81,71,75,4.12,AR,1675259875
134,tshikapa,-6.4167,20.8,31.23,44,21,2.17,CD,1675260153
135,port moresby,-9.4431,147.1797,24.68,94,75,2.06,PG,1675259960
136,jamestown,42.097,-79.2353,-7.38,94,100,3.13,US,1675259741
137,lasa,46.6166,10.7002,8.16,66,40,2.99,IT,1675260154
138,constitucion,-35.3333,-72.4167,18.32,59,0,1.31,CL,1675260155
139,labytnangi,66.6572,66.4183,-20.01,100,72,2.19,RU,1675260156
140,quatre cocos,-20.2078,57.7625,29.06,73,100,6.35,MU,1675260157
141,manokwari,-0.8667,134.0833,26.14,80,82,1.02,ID,1675260157
142,lata,40.1629,-8.3327,16.38,50,1,1.47,PT,1675260158
143,zyryanka,65.75,150.85,-32.13,96,97,1.4,RU,1675260159
144,kavaratti,10.5669,72.642,27.05,76,78,6.05,IN,1675259990
145,meadow lake,34.8014,-106.5436,-0.89,65,0,1.58,US,1675259995
146,san quintin,30.4833,-115.95,10.79,67,9,0.92,MX,1675260160
147,east london,-33.0153,27.9116,23.52,78,20,11.32,ZA,1675259929
148,bonthe,7.5264,-12.505,30.8,58,0,5.92,SL,1675259966
149,tabory,58.5198,64.5495,-6.43,96,65,2.32,RU,1675260161
150,nizwa,22.9333,57.5333,22.56,30,19,3.05,OM,1675260161
151,batamshinskiy,50.5594,58.2747,-15.8,86,10,4.33,KZ,1675260162
152,okhotsk,59.3833,143.3,-18.9,96,100,5.27,RU,1675260162
153,cidreira,-30.1811,-50.2056,27.69,68,0,3.58,BR,1675259877
154,sehithwa,-20.4667,22.7167,29.41,45,93,1.36,BW,1675260163
155,viedma,-40.8135,-62.9967,22.11,43,0,2.66,AR,1675259821
156,pontianak,-0.0333,109.3333,24.99,94,75,2.06,ID,1675260164
157,piracanjuba,-17.3028,-49.0167,26.16,69,93,2.11,BR,1675260165
158,otradnoye,59.7775,30.8181,0.05,93,99,2.46,RU,1675260165
159,kavieng,-2.5744,150.7967,28.01,75,100,4.66,PG,1675259974
160,aquiraz,-3.9014,-38.3911,28.05,79,100,5.1,BR,1675260166
161,verkhnyaya toyma,62.2349,44.9985,-3.14,90,94,3.51,RU,1675260167
162,camacha,33.0833,-16.3333,16.68,55,40,8.23,PT,1675260168
163,walvis bay,-22.9575,14.5053,24.53,53,0,5.14,NA,1675260168
164,beloha,-25.1667,45.05,24.55,68,85,8.45,MG,1675259830
165,taksimo,56.3444,114.8794,-23.5,85,49,2.22,RU,1675260169
166,suluq,31.6682,20.2521,14.69,54,89,7.95,LY,1675260170
167,sao joao da barra,-21.6403,-41.0511,30.05,75,85,5.24,BR,1675259884
168,qui nhon,13.7667,109.2333,22.91,87,98,3.15,VN,1675260171
169,sawang daen din,17.4753,103.4575,24.22,28,49,1.09,TH,1675260171
170,port elizabeth,-33.918,25.5701,27.28,71,0,12.35,ZA,1675259919
171,kencong,-8.2833,113.3667,24.13,91,100,0.85,ID,1675260172
172,chokurdakh,70.6333,147.9167,-31.8,100,74,0.57,RU,1675259911
173,praia,14.9215,-23.5087,24.3,60,20,9.77,CV,1675260173
174,tiarei,-17.5333,-149.3333,25.0,75,9,8.55,PF,1675260173
175,winton,37.3894,-120.6133,1.53,95,100,2.06,US,1675260174
176,norman wells,65.282,-126.8329,-40.98,66,20,0.0,CA,1675259940
177,invermere,50.5167,-116.0354,-12.02,88,99,0.84,CA,1675260176
178,umm kaddadah,13.6017,26.6876,31.56,11,80,7.84,SD,1675260176
179,dingle,10.9995,122.6711,24.11,91,16,3.43,PH,1675259931
180,atar,20.5169,-13.0499,27.8,7,87,1.02,MR,1675260178
181,kawai,34.2333,135.85,3.8,96,100,4.17,JP,1675260178
182,moyale,3.5167,39.0584,32.14,20,7,5.03,KE,1675260179
183,thompson,55.7435,-97.8558,-37.91,74,40,1.54,CA,1675260180
184,guangyuan,32.442,105.823,13.02,34,100,2.4,CN,1675260180
185,muisne,0.6,-80.0333,25.41,85,72,2.75,EC,1675260181
186,oriximina,-1.7656,-55.8661,29.62,57,91,1.74,BR,1675260120
187,ashtian,34.5217,50.0019,-0.94,80,2,3.99,IR,1675260182
188,marsh harbour,26.5412,-77.0636,23.29,77,0,1.51,BS,1675260004
189,gushikawa,26.3544,127.8686,19.57,75,0,0.0,JP,1675260184
190,sioux lookout,50.1001,-91.917,-29.96,76,20,1.54,CA,1675260187
191,pangai,-19.8,-174.35,27.36,77,100,2.88,TO,1675260188
192,ballina,-28.8667,153.5667,23.77,99,86,2.7,AU,1675260190
193,umm lajj,25.0213,37.2685,20.46,50,0,7.22,SA,1675260192
194,salvador,13.8333,-88.9167,23.92,72,81,1.42,SV,1675260194
195,nanchang,28.6833,115.8833,14.27,44,87,6.64,CN,1675260197
196,arraial do cabo,-22.9661,-42.0278,29.98,65,0,4.63,BR,1675259912
197,chiredzi,-21.05,31.6667,34.8,28,52,4.19,ZW,1675260200
198,karoi,-16.8099,29.6925,22.95,81,100,2.25,ZW,1675260208
199,ghanzi,-21.5667,21.7833,27.19,48,94,1.28,BW,1675260209
200,roma,43.2128,-75.4557,-6.77,87,82,2.96,US,1675259523
201,saint george,37.1041,-113.5841,-3.67,58,0,0.0,US,1675259971
202,macusani,-14.0833,-70.4333,6.69,76,99,3.01,PE,1675260219
203,arlit,18.7369,7.3853,30.17,4,0,0.74,NE,1675260219
204,coihaique,-45.5752,-72.0662,14.97,51,0,3.09,CL,1675259985
205,campbell river,50.0163,-125.2446,2.74,98,100,4.47,CA,1675260221
206,merauke,-8.4667,140.3333,27.3,84,100,4.09,ID,1675260221
207,metro,-5.1131,105.3067,24.94,89,100,1.33,ID,1675260222
208,fort nelson,58.8053,-122.7002,-20.23,65,100,1.54,CA,1675260223
209,tupa,-21.9347,-50.5136,23.48,82,100,1.44,BR,1675260223
210,elliot lake,46.3834,-82.6331,-18.79,97,39,2.22,CA,1675260224
211,idah,7.1065,6.7342,39.29,21,0,2.13,NG,1675260225
212,lanigan,51.8501,-105.0344,-25.06,100,95,1.11,CA,1675260225
213,hereford,52.0568,-2.7148,11.14,72,94,3.58,GB,1675259772
214,yermakovskoye,53.2831,92.4003,-17.61,98,100,0.05,RU,1675260226
215,san ramon,37.7799,-121.978,7.64,60,0,2.06,US,1675260002
216,iwanai,42.9744,140.5089,-2.24,93,100,9.02,JP,1675260227
217,banda aceh,5.5577,95.3222,26.29,82,99,3.51,ID,1675260228
218,gidam,18.9833,81.4,22.58,33,51,2.16,IN,1675260229
219,bilma,18.6853,12.9164,25.7,9,47,5.29,NE,1675260229
220,maur,30.0833,75.25,15.15,32,4,3.35,IN,1675260230
221,khatanga,71.9667,102.5,-43.22,100,69,1.16,RU,1675259920
222,chirilagua,13.2203,-88.1386,24.44,55,24,1.75,SV,1675260231
223,college,64.8569,-147.8028,-11.63,81,100,1.54,US,1675260231
224,salalah,17.0151,54.0924,23.11,59,14,2.63,OM,1675259966
225,gizo,-8.103,156.8419,27.57,79,97,4.8,SB,1675260232
226,maniitsoq,65.4167,-52.9,-13.15,76,100,4.29,GL,1675259972
227,hithadhoo,-0.6,73.0833,27.68,72,76,5.55,MV,1675259897
228,itarema,-2.9248,-39.9167,26.53,82,100,5.06,BR,1675260233
229,atherton,53.5237,-2.4935,10.75,86,100,5.81,GB,1675260234
230,grindavik,63.8424,-22.4338,-1.74,86,75,5.14,IS,1675260235
231,mujiayingzi,42.1167,118.7833,-11.12,40,0,2.69,CN,1675260235
232,almeirim,-1.5233,-52.5817,26.72,85,29,1.16,BR,1675260236
233,yulara,-25.2406,130.9889,25.85,25,0,7.41,AU,1675260237
234,leh,34.1667,77.5833,-12.71,66,100,1.0,IN,1675260237
235,aswan,24.0934,32.907,20.38,21,2,5.88,EG,1675260238
236,kodinsk,58.6881,99.1844,-17.71,100,99,1.15,RU,1675260238
237,bengkulu,-3.8004,102.2655,25.9,86,100,3.29,ID,1675260239
238,yakeshi,49.2833,120.7333,-31.16,100,32,2.08,CN,1675260239
239,pozo colorado,-23.4923,-58.7972,28.43,70,54,1.93,PY,1675260240
240,peniche,39.3558,-9.3811,16.27,55,0,1.52,PT,1675260240
241,kahului,20.8947,-156.47,21.58,100,0,1.79,US,1675260242
242,yumen,40.2833,97.2,-5.04,37,99,3.16,CN,1675260244
243,abalak,58.1286,68.5944,-7.99,98,96,2.21,RU,1675259912
244,bambanglipuro,-7.95,110.2833,25.49,88,100,3.16,ID,1675260248
245,vila velha,-20.3297,-40.2925,29.97,62,40,5.14,BR,1675259980
246,sitka,57.0531,-135.33,4.94,87,100,1.54,US,1675259937
247,bomet,-0.7813,35.3416,25.22,30,97,2.72,KE,1675260255
248,hofn,64.2539,-15.2082,-4.99,68,0,3.09,IS,1675260257
249,bairiki,1.3292,172.9752,27.0,89,75,4.12,KI,1675260260
250,kirensk,57.7853,108.1119,-13.38,96,100,2.53,RU,1675260261
251,charters towers,-20.1,146.2667,27.3,63,100,3.88,AU,1675260265
252,vetas,7.3091,-72.8712,6.6,36,6,0.68,CO,1675260273
253,olafsvik,64.8945,-23.7142,-1.55,83,77,5.05,IS,1675260277
254,tuatapere,-46.1333,167.6833,16.43,97,100,1.69,NZ,1675260285
255,jinchang,38.4953,102.1739,-5.14,28,44,1.32,CN,1675260285
256,colon,9.3592,-79.9014,26.6,72,83,6.28,PA,1675260286
257,yaan,7.3833,8.5667,39.1,9,6,3.24,NG,1675260287
258,ouadda,8.0777,22.4007,38.38,7,7,2.82,CF,1675260287
259,baghmara,23.795,86.2085,20.21,18,0,3.54,IN,1675260288
260,nouakchott,18.0858,-15.9785,26.96,41,69,4.98,MR,1675260288
261,ambilobe,-13.2,49.05,27.01,87,100,1.02,MG,1675260289
262,gat,31.61,34.7642,12.1,100,97,10.59,IL,1675260289
263,bathsheba,13.2167,-59.5167,28.34,61,40,7.2,BB,1675260290
264,sakakah,29.9697,40.2064,18.76,29,6,6.07,SA,1675260291
265,nguruka,-5.1092,31.0419,26.17,62,78,0.25,TZ,1675260292
266,kamenka,51.3223,42.7678,-1.6,97,100,3.95,RU,1675260293
267,opuwo,-18.0607,13.84,28.84,31,99,2.11,NA,1675260293
268,brodokalmak,55.5748,62.082,-6.5,95,18,2.32,RU,1675260294
269,matiri,-10.75,34.9,21.15,84,93,0.86,TZ,1675260294
270,benguela,-12.5763,13.4055,28.09,66,27,4.49,AO,1675260295
271,ancud,-41.8697,-73.8203,13.92,64,0,1.37,CL,1675259907
272,margate,51.3813,1.3862,10.5,67,100,3.58,GB,1675260296
273,anadyr,64.75,177.4833,-4.72,100,40,6.0,RU,1675260063
274,saravan,39.7196,45.6483,-2.85,93,100,0.26,AM,1675260297
275,doha,25.2867,51.5333,25.17,68,0,6.17,QA,1675260297
276,port hardy,50.6996,-127.4199,4.1,87,100,8.75,CA,1675260298
277,winnemucca,40.973,-117.7357,-5.76,68,28,1.9,US,1675260299
278,zhuanghe,39.7008,122.9911,-4.09,31,1,3.53,CN,1675260299
279,basco,20.4487,121.9702,24.37,73,62,5.63,PH,1675260300
280,bogdanovich,56.7803,62.0494,-9.5,92,41,2.65,RU,1675260300
281,codrington,-38.2667,141.9667,10.29,69,97,3.6,AU,1675259709
282,tall kayf,37.0833,41.0667,8.66,81,75,5.14,TR,1675260301
283,ceyhan,37.0247,35.8175,11.19,59,100,4.09,TR,1675260302
284,marsa matruh,31.3525,27.2453,14.04,53,100,9.4,EG,1675260305
285,pierre,44.3683,-100.351,-12.3,80,75,3.09,US,1675260310
286,leningradskiy,69.3833,178.4167,-16.47,96,100,4.51,RU,1675259971
287,yerbogachen,61.2767,108.0108,-20.07,98,100,1.91,RU,1675260317
288,voskresenskoye,56.8381,45.4317,-3.42,98,92,2.02,RU,1675260319
289,atambua,-9.1061,124.8925,24.44,86,100,0.81,ID,1675260320
290,eyl,7.9803,49.8164,25.69,60,0,8.33,SO,1675260326
291,oktyabrskiy,54.4815,53.471,-14.92,93,92,1.73,RU,1675260328
292,golden,39.7555,-105.2211,-5.68,62,6,1.34,US,1675260271
293,mangai,-4.05,19.5333,32.58,37,98,2.02,CD,1675260330
294,jizan,17.3333,42.6667,28.52,59,11,5.59,SA,1675260331
295,acarau,-2.8856,-40.12,27.21,78,100,5.63,BR,1675260333
296,hambantota,6.1241,81.1185,26.19,100,40,1.54,LK,1675259935
297,voh,-20.9667,164.7,23.28,78,86,1.02,NC,1675260340
298,sibolga,1.7427,98.7792,26.03,84,100,1.1,ID,1675260341
299,vestmanna,62.1564,-7.1664,1.51,87,75,3.6,FO,1675260343
300,rapar,23.5667,70.6333,20.59,28,0,3.82,IN,1675260343
301,banff,51.1762,-115.5698,-7.43,79,100,3.6,CA,1675260344
302,rio verde de mato grosso,-18.9181,-54.8442,26.7,75,87,2.75,BR,1675260345
303,lavrentiya,65.5833,-171.0,-10.74,96,97,1.0,RU,1675260345
304,havelock,34.8791,-76.9013,13.3,89,100,4.12,US,1675259950
305,labrea,-7.2586,-64.7981,26.93,77,91,1.25,BR,1675260346
306,torbay,47.6666,-52.7314,-7.01,82,75,7.72,CA,1675259953
307,bucerias,20.75,-105.3333,17.77,86,100,1.5,MX,1675260117
308,mogadishu,2.0371,45.3438,27.93,74,20,6.69,SO,1675260348
309,batavia,41.85,-88.3126,-11.16,75,0,3.09,US,1675260228
310,paamiut,61.994,-49.6678,-12.49,73,14,5.13,GL,1675259882
311,san jeronimo,-11.9472,-75.2829,10.63,82,100,1.34,PE,1675260349
312,saldanha,-33.0117,17.9442,26.03,75,30,7.84,ZA,1675259982
313,ulladulla,-35.35,150.4667,18.92,86,100,1.02,AU,1675260350
314,hovd,48.0056,91.6419,-17.11,90,100,0.57,MN,1675260350
315,kalmunai,7.4167,81.8167,25.03,81,99,7.41,LK,1675260351
316,vila franca do campo,37.7167,-25.4333,15.23,65,10,3.88,PT,1675260352
317,namikupa,-10.8333,39.6,26.1,83,98,2.57,TZ,1675260352
318,dhidhdhoo,6.8833,73.1,26.8,76,100,6.16,MV,1675260353
319,lorengau,-2.0226,147.2712,27.6,79,100,4.28,PG,1675259908
320,muhos,64.808,25.9931,-3.12,99,81,1.4,FI,1675260354
321,nusaybin,37.0778,41.2178,8.77,81,75,5.14,TR,1675260354
322,tigil,57.8,158.6667,-24.47,98,50,2.02,RU,1675260355
323,tual,-5.6667,132.75,28.26,78,99,5.02,ID,1675260355
324,anloga,5.7947,0.8973,29.23,65,4,4.62,GH,1675260356
325,guntakal,15.1667,77.3833,26.98,39,28,2.93,IN,1675260357
326,portmore,17.9702,-76.8672,28.92,70,20,1.54,JM,1675259767
327,adrar,20.5022,-10.0711,24.45,7,99,3.81,MR,1675260357
328,aklavik,68.2191,-135.0107,-35.08,100,100,2.84,CA,1675259868
329,nantucket,41.2835,-70.0995,-0.94,87,100,5.14,US,1675260065
330,galesong,-5.3166,119.3661,24.01,83,93,2.38,ID,1675260359
331,marystown,47.1666,-55.1483,-9.04,63,9,5.83,CA,1675260359
332,kieta,-6.2167,155.6333,25.54,88,100,1.75,PG,1675260360
333,saint-francois,46.4154,3.9054,6.69,75,100,4.63,FR,1675260360
334,xiongyue,40.1774,122.1228,-5.43,51,0,4.42,CN,1675260362
335,lahij,13.1667,44.5833,24.46,50,5,5.91,YE,1675260364
336,robertsport,6.7533,-11.3686,27.7,73,2,4.7,LR,1675260365
337,mutuipe,-13.2286,-39.5047,31.11,45,45,2.93,BR,1675260367
338,erenhot,43.6475,111.9767,-11.86,32,5,1.97,CN,1675260370
339,poum,-20.2333,164.0167,26.18,61,98,2.96,NC,1675260371
340,ostrovnoy,68.0531,39.5131,-7.09,91,98,7.8,RU,1675259895
341,kidal,18.4411,1.4078,29.77,5,83,2.92,ML,1675260374
342,ouesso,1.6136,16.0517,32.95,37,77,0.81,CG,1675260375
343,almazar,40.3217,69.0106,5.19,64,100,9.35,UZ,1675260376
344,erzin,36.9559,36.2,9.01,77,100,2.95,TR,1675260378
345,bar harbor,44.3876,-68.2039,-9.49,62,0,2.06,US,1675260379
346,arcachon,44.5875,-1.0519,12.18,58,75,2.06,FR,1675260380
347,los llanos de aridane,28.6585,-17.9182,17.86,75,40,3.09,ES,1675260381
348,piacabucu,-10.4056,-36.4344,30.0,57,47,4.45,BR,1675260384
349,yuci,37.6803,112.7319,-1.14,17,0,4.0,CN,1675260385
350,haapiti,-17.5667,-149.8667,24.84,71,7,7.66,PF,1675260386
351,tabuk,17.4189,121.4443,21.68,91,20,0.75,PH,1675260388
352,vanimo,-2.6741,141.3028,25.75,83,98,0.43,PG,1675260389
353,belmonte,-15.8631,-38.8828,28.97,56,11,2.89,BR,1675260390
354,zalantun,48.0,122.7167,-17.31,71,0,3.86,CN,1675260392
355,zaltan,32.947,11.8665,15.06,50,7,4.66,LY,1675260393
356,beringovskiy,63.05,179.3167,-9.18,95,100,1.19,RU,1675260394
357,sorland,67.667,12.6934,1.92,75,56,1.03,NO,1675260396
358,veraval,20.9,70.3667,23.85,49,83,1.9,IN,1675260397
359,samarai,-10.6167,150.6667,27.28,80,100,3.54,PG,1675260399
360,kirakira,-10.4544,161.9205,26.86,84,33,2.93,SB,1675260399
361,arezzo,43.4724,11.869,12.14,70,88,1.48,IT,1675260400
362,vryburg,-26.9566,24.7284,29.68,34,97,6.43,ZA,1675260401
363,nome,64.5011,-165.4064,-18.96,92,100,0.0,US,1675260401
364,pisco,-13.7,-76.2167,22.23,83,100,2.06,PE,1675259764
365,havoysund,70.9963,24.6622,0.13,71,100,8.93,NO,1675259871
366,ikeda,34.8221,135.4298,8.84,91,92,3.6,JP,1675260402
367,anyang,36.0994,114.3289,2.23,15,100,2.24,CN,1675260403
368,akyab,20.15,92.9,23.26,70,6,4.64,MM,1675260403
369,grenaa,56.4158,10.8783,6.12,96,100,11.26,DK,1675260404
370,lumeje,-11.55,20.7833,27.78,48,33,1.4,AO,1675260404
371,acapulco,16.8634,-99.8901,23.9,69,0,2.57,MX,1675260405
372,sistranda,63.7256,8.834,-3.02,64,63,1.36,NO,1675260406
373,panguna,-6.3164,155.4848,20.53,97,100,1.01,PG,1675260406
374,valdez,1.2492,-78.9831,25.5,83,78,5.23,EC,1675260407
375,rocha,-34.4833,-54.3333,28.36,49,16,5.35,UY,1675260408
376,beyneu,45.3167,55.2,3.09,77,100,4.55,KZ,1675260409
377,san patricio,28.017,-97.5169,3.92,88,100,5.21,US,1675259965
378,mahon,39.8885,4.2658,14.31,62,40,5.14,ES,1675260410
379,kirkland lake,48.1446,-80.0377,-18.57,95,100,1.72,CA,1675260410
380,henties bay,-22.116,14.2845,19.54,78,100,5.85,NA,1675260411
381,oyem,1.5995,11.5793,25.62,64,100,0.76,GA,1675260411
382,saskylakh,71.9167,114.0833,-22.77,98,100,9.22,RU,1675259942
383,ponta delgada,37.7333,-25.6667,15.4,58,20,3.6,PT,1675259943
384,la palma del condado,37.3861,-6.5523,16.74,33,0,1.5,ES,1675260412
385,muyinga,-2.8333,30.3333,22.92,56,58,2.25,BI,1675260413
386,jiazi,22.8779,116.067,18.14,83,6,3.05,CN,1675260413
387,balkanabat,39.5108,54.3671,6.5,89,98,1.88,TM,1675260414
388,rio grande,-32.035,-52.0986,32.06,64,1,4.09,BR,1675260415
389,brae,60.3964,-1.353,4.32,90,100,12.05,GB,1675259915
390,pasighat,28.0667,95.3333,19.76,48,0,2.09,IN,1675260415
391,palmer,42.1584,-72.3287,-3.85,54,20,2.57,US,1675260416
392,loreto,22.2667,-101.9667,9.54,80,7,2.62,MX,1675260166
393,mount gambier,-37.8333,140.7667,13.24,59,100,3.28,AU,1675259980
394,seymchan,62.8833,152.4333,-31.46,100,94,0.56,RU,1675259989
395,namibe,-15.1961,12.1522,24.64,69,86,4.76,AO,1675259998
396,cerete,8.8848,-75.7905,27.06,67,8,2.12,CO,1675260418
397,flinders,-34.5833,150.8552,21.88,80,72,0.95,AU,1675259993
398,riyadh,24.6877,46.7219,22.08,42,21,3.52,SA,1675260169
399,cap-haitien,19.7578,-72.2042,22.97,68,75,2.57,HT,1675260420
400,perth,-31.9333,115.8333,26.48,38,0,6.69,AU,1675260402
401,nokaneng,-19.6667,22.2667,26.09,56,92,0.37,BW,1675260420
402,nanortalik,60.1432,-45.2371,-6.31,92,100,3.64,GL,1675259890
403,lubao,14.9167,120.55,26.04,84,0,1.58,PH,1675260421
404,souillac,-20.5167,57.5167,29.21,70,75,4.63,MU,1675259887
405,narsaq,60.9167,-46.05,-3.88,75,100,2.76,GL,1675260423
406,mahroni,24.5862,78.7288,16.17,26,4,2.28,IN,1675260424
407,bacong,9.2464,123.2956,25.63,91,53,5.25,PH,1675260425
408,kigoma,-4.8769,29.6267,25.91,69,20,2.47,TZ,1675260426
409,shirokiy,49.758,129.523,-23.88,92,11,3.38,RU,1675260427
410,ryotsu,38.0833,138.4333,3.67,63,100,9.94,JP,1675260431
411,matamoros,25.5333,-103.25,12.06,66,75,0.0,MX,1675260417
412,jinka,5.65,36.65,27.85,30,52,2.54,ET,1675260443
413,bara,10.3744,10.7288,34.88,9,53,5.63,NG,1675260126
414,resistencia,-27.4606,-58.9839,34.49,56,0,0.64,AR,1675260444
415,seoul,37.5683,126.9778,-0.34,55,0,4.12,KR,1675259893
416,etchojoa,26.9167,-109.6333,10.5,77,1,1.35,MX,1675260446
417,fortuna,40.5982,-124.1573,2.51,87,0,4.63,US,1675259998
418,christchurch,-43.5333,172.6333,19.39,88,67,5.14,NZ,1675260280
419,nabire,-3.3667,135.4833,25.01,90,100,1.19,ID,1675260450
420,bonavista,48.6499,-53.1147,-8.75,70,95,9.94,CA,1675260452
421,nouadhibou,20.931,-17.0347,18.09,63,65,6.63,MR,1675260454
422,ayan,56.45,138.1667,-23.63,72,93,4.53,RU,1675260458
423,shingu,33.7333,135.9833,10.8,71,100,4.63,JP,1675260459
424,fairbanks,64.8378,-147.7164,-11.02,83,100,1.54,US,1675259977
425,maumere,-8.6199,122.2111,26.61,85,90,1.93,ID,1675259883
426,sur,22.5667,59.5289,21.76,60,29,4.88,OM,1675260460
427,saint-pierre,-21.3393,55.4781,28.82,65,75,7.2,RE,1675260461
428,valinhos,-22.9706,-46.9958,24.87,73,75,2.06,BR,1675260444
429,byron bay,-28.65,153.6167,23.73,89,100,2.22,AU,1675259635
430,kasane,-17.8167,25.15,27.32,57,97,1.5,BW,1675260462
431,aloha,45.4943,-122.8671,1.45,81,0,0.0,US,1675260205
432,tucurui,-3.7661,-49.6725,21.71,98,100,1.17,BR,1675260463
433,talaya,61.3833,152.75,-29.1,100,100,0.67,RU,1675260464
434,san policarpo,12.1791,125.5072,26.9,86,7,5.29,PH,1675260464
435,esso,55.9333,158.7,-23.77,88,17,2.42,RU,1675260465
436,rio tercero,-32.173,-64.1141,25.81,39,28,2.77,AR,1675260466
437,pringsewu,-5.3582,104.9744,24.24,94,99,0.66,ID,1675260466
438,hirado,33.3597,129.5531,9.66,52,100,8.13,JP,1675260467
439,katastarion,37.8333,20.7667,11.97,37,0,3.09,GR,1675260468
440,inuvik,68.3499,-133.7218,-32.58,75,100,0.0,CA,1675260469
441,san lawrenz,36.0553,14.204,14.67,51,1,2.69,MT,1675260469
442,kurya,51.6003,82.2888,-6.91,97,100,1.27,RU,1675260470
443,pando,-34.7167,-55.95,26.22,51,29,5.31,UY,1675260470
444,jibuti,11.5,42.5,24.3,50,6,5.49,DJ,1675260471
445,evensk,61.95,159.2333,-17.04,95,98,3.08,RU,1675260471
446,ilulissat,69.2167,-51.1,-26.52,92,100,1.96,GL,1675259983
447,pangnirtung,66.1451,-65.7125,-28.0,43,20,1.54,CA,1675259947
448,jacksonville,30.3322,-81.6556,19.47,93,40,2.06,US,1675260472
449,mildura,-34.2,142.15,18.37,48,0,5.86,AU,1675260473
450,minab,27.1467,57.0801,20.96,69,7,5.4,IR,1675260474
451,memaliaj,40.3517,19.9803,9.83,45,3,2.16,AL,1675260474
452,mayumba,-3.432,10.6554,28.61,74,31,5.44,GA,1675260475
453,hobyo,5.3505,48.5268,26.16,59,3,9.79,SO,1675260476
454,manzanillo,20.3433,-77.1167,25.67,62,6,6.76,CU,1675260477
455,port keats,-14.25,129.55,26.91,88,100,4.65,AU,1675260478
456,port-cartier,50.0334,-66.8654,-20.18,95,96,1.75,CA,1675259961
457,shimanovsk,52.0,127.7,-21.75,89,9,3.28,RU,1675260478
458,plettenberg bay,-34.0527,23.3716,22.52,76,57,5.79,ZA,1675260479
459,udachnyy,66.4167,112.4,-28.64,75,100,3.74,RU,1675260480
460,strezhevoy,60.7333,77.5889,-9.54,92,100,4.02,RU,1675260480
461,cabo san lucas,22.8909,-109.9124,19.73,81,100,1.54,MX,1675259690
462,hami,42.8,93.45,-3.79,76,94,1.65,CN,1675259944
463,husavik,66.0449,-17.3389,-3.79,89,100,3.46,IS,1675259937
464,oussouye,12.485,-16.5469,33.97,14,7,4.01,SN,1675260483
465,sterling,39.0062,-77.4286,0.48,74,75,7.6,US,1675260336
466,mehamn,71.0357,27.8492,-1.03,86,75,6.17,NO,1675259915
467,tecoanapa,16.5167,-98.75,23.0,62,0,2.09,MX,1675260487
468,haines junction,60.7522,-137.5108,-18.59,100,100,0.47,CA,1675260488
469,moose factory,51.2585,-80.6094,-32.96,100,99,1.05,CA,1675260489
470,vestmannaeyjar,63.4427,-20.2734,1.55,75,20,3.6,IS,1675259939
471,jumla,29.2747,82.1838,3.01,34,0,1.79,NP,1675260493
472,kruisfontein,-34.0033,24.7314,26.6,58,12,11.26,ZA,1675260494
473,ulaanbaatar,47.9077,106.8832,-25.93,76,0,1.0,MN,1675260487
474,piriyapatna,12.3397,76.0992,22.34,43,100,2.44,IN,1675260496
475,nicoya,10.1483,-85.452,25.95,63,9,5.08,CR,1675260498
476,chekhov,55.1431,37.4711,0.08,93,100,3.27,RU,1675260499
477,dhola,21.8833,71.7833,23.9,24,57,4.49,IN,1675260501
478,bac lieu,9.285,105.7244,25.47,80,100,1.94,VN,1675260503
479,sisimiut,66.9395,-53.6735,-20.88,85,64,3.26,GL,1675260504
480,mao,39.8885,4.2658,14.31,62,40,5.14,ES,1675260508
481,puerto escondido,15.85,-97.0667,22.46,88,0,3.09,MX,1675260511
482,bozhou,33.8772,115.7703,4.24,31,100,4.9,CN,1675260514
483,san ciro de acosta,21.6333,-99.8167,15.86,93,86,1.26,MX,1675260516
484,egvekinot,66.3167,-179.1667,-9.34,97,100,1.18,RU,1675260518
485,bam,29.106,58.357,16.77,45,1,4.99,IR,1675260519
486,macau,22.2006,113.5461,21.59,88,0,1.54,MO,1675260520
487,dedougou,12.4667,-3.4667,34.88,5,100,2.86,BF,1675260521
488,batticaloa,7.7102,81.6924,24.63,83,100,10.89,LK,1675260521
489,zhigansk,66.7697,123.3711,-30.23,97,100,6.06,RU,1675259970
490,esperance,-33.8667,121.9,15.79,65,4,4.16,AU,1675260522
491,santa maria,-29.6842,-53.8069,28.61,61,0,2.06,BR,1675259920
492,saint-jean-port-joli,47.2171,-70.2658,-15.85,94,91,6.4,CA,1675260523
493,deputatskiy,69.3,139.9,-31.7,97,98,1.83,RU,1675259926
494,cabedelo,-6.9811,-34.8339,30.37,61,93,5.11,BR,1675260524
495,kulykivka,51.3735,31.6466,-0.81,93,100,5.34,UA,1675260525
496,ribeira grande,38.5167,-28.7,16.22,67,20,3.09,PT,1675260525
497,baykit,61.67,96.37,-23.57,100,100,1.0,RU,1675259947
498,barra do garcas,-15.89,-52.2567,29.32,65,20,0.0,BR,1675260296
499,glinka,54.6404,32.8781,-2.16,83,100,5.0,RU,1675260526
500,tambacounda,13.7539,-13.7586,36.5,6,16,2.83,SN,1675260527
501,sochi,43.6,39.7303,9.05,87,100,5.86,RU,1675260527
502,porangatu,-13.4408,-49.1486,29.37,63,33,0.82,BR,1675260528
503,kupino,54.3663,77.2981,-21.92,96,7,0.88,RU,1675260528
504,gunjur,13.2019,-16.7339,25.74,37,38,6.27,GM,1675260529
505,komsomolskiy,40.4272,71.7189,3.4,60,100,0.0,UZ,1675260530
506,el jicaro,14.9167,-89.9,23.64,79,84,0.87,GT,1675260530
507,mpika,-11.8343,31.4529,22.81,80,67,2.6,ZM,1675260531
508,tamiahua,21.2667,-97.45,17.86,93,100,6.99,MX,1675260531
509,turayf,31.6725,38.6637,11.62,38,7,10.0,SA,1675260532
510,sirjan,29.452,55.6814,10.26,59,78,7.22,IR,1675260532
511,atbasar,51.8,68.3333,-18.96,93,97,2.1,KZ,1675260268
512,cedar city,37.6775,-113.0619,-16.46,78,0,2.06,US,1675260485
513,alyangula,-13.8483,136.4192,29.17,79,100,4.89,AU,1675260534
514,staryy nadym,65.6118,72.6842,-13.64,96,13,4.69,RU,1675260534
515,sao carlos,-22.0175,-47.8908,23.6,79,100,2.02,BR,1675260391
516,jackson,42.4165,-122.8345,7.58,80,0,1.54,US,1675260535
517,abu dhabi,24.4667,54.3667,26.06,37,0,2.57,AE,1675260512
518,grand-lahou,5.1367,-5.0242,30.14,61,67,3.99,CI,1675260536
519,maua,-23.6678,-46.4614,26.16,70,100,3.74,BR,1675260536
520,san clemente,33.427,-117.612,12.8,40,1,1.34,US,1675260538
521,longyearbyen,78.2186,15.6401,-10.09,73,20,6.69,SJ,1675259954
522,kendari,-3.945,122.4989,25.98,88,100,2.18,ID,1675260538
523,monroe,43.1501,-77.6831,-7.47,70,75,3.09,US,1675260539
524,linxia,35.6003,103.2064,-4.06,33,100,0.98,CN,1675260540
525,mokhsogollokh,61.4681,128.9203,-27.18,97,100,1.68,RU,1675260540
526,port-gentil,-0.7193,8.7815,27.5,80,48,6.73,GA,1675260541
527,sao gabriel da cachoeira,-0.1303,-67.0892,25.29,80,100,0.51,BR,1675260542
528,luderitz,-26.6481,15.1594,23.64,56,0,12.38,NA,1675259976
529,nemuro,43.3236,145.575,-0.56,88,100,8.3,JP,1675260545
530,key west,24.5557,-81.7826,26.67,82,0,3.6,US,1675260413
531,ritchie,-29.038,24.6028,32.48,21,19,3.23,ZA,1675260547
532,sfantu gheorghe,45.8667,25.7833,1.07,90,93,6.75,RO,1675260549
533,calbuco,-41.768,-73.1273,13.56,73,34,4.93,CL,1675260550
534,gunnedah,-30.9833,150.25,24.37,42,81,1.7,AU,1675260552
535,fos-sur-mer,43.4377,4.9446,14.15,47,0,12.86,FR,1675260554
536,shahreza,32.0339,51.8794,5.32,72,36,3.88,IR,1675260555
537,balykshi,47.0667,51.8667,0.0,51,0,3.0,KZ,1675260556
538,wilhelmsburg,48.1057,15.6054,7.03,83,90,9.13,AT,1675260558
539,nagato,34.3833,131.2,8.56,56,100,8.18,JP,1675260560
540,cassilandia,-19.1133,-51.7342,25.77,76,92,2.1,BR,1675260561
541,kutum,14.2,24.6667,29.63,10,87,4.39,SD,1675260563
542,marang,5.2056,103.2059,24.66,88,100,3.35,MY,1675260564
543,bandar-e lengeh,26.5579,54.8807,21.4,59,4,0.78,IR,1675260565
544,mount isa,-20.7333,139.5,25.87,94,40,0.0,AU,1675260568
545,balingasay,16.3573,119.8564,26.29,71,0,6.08,PH,1675260570
546,heyang,26.1011,107.473,10.13,88,100,1.32,CN,1675260574
547,skjervoy,70.0311,20.9714,-4.0,75,57,2.92,NO,1675260577
548,steamboat springs,40.485,-106.8317,-14.05,82,100,0.0,US,1675260578
549,honiara,-9.4333,159.95,25.78,87,85,0.79,SB,1675260332
550,sidney,-33.8679,151.2073,22.97,79,75,3.6,AU,1675260286
551,krasnoselkup,65.7,82.4667,-10.74,94,100,7.65,RU,1675260580
552,saint-joseph,-21.3667,55.6167,28.21,78,32,4.83,RE,1675260580
553,darhan,49.4867,105.9228,-22.95,96,5,2.19,MN,1675260581
554,vra,57.3476,9.9515,5.97,86,100,10.15,DK,1675260581
555,awjilah,29.1081,21.2869,17.27,35,13,6.82,LY,1675260583
556,angoram,-4.0625,144.0661,23.96,96,100,0.62,PG,1675260584
557,rorvik,64.8621,11.2373,-0.94,100,100,1.54,NO,1675260584
558,cap malheureux,-19.9842,57.6142,28.59,71,100,2.68,MU,1675260585
559,saint-augustin,51.226,-58.6502,-21.26,75,3,2.99,CA,1675260585
560,bulgan,48.8125,103.5347,-19.31,93,8,1.84,MN,1675260586
561,senekal,-28.3197,27.6208,25.89,41,77,3.37,ZA,1675260586
562,divnomorskoye,44.5011,38.1353,6.72,76,100,2.48,RU,1675260587
563,peabiru,-23.9128,-52.3431,21.97,94,100,2.56,BR,1675260587
564,biak,-0.9131,122.8766,24.49,88,100,1.88,ID,1675260588
565,takoradi,4.8845,-1.7554,29.16,66,8,4.66,GH,1675260588
566,whitehorse,60.7161,-135.0538,-18.52,100,98,0.42,CA,1675260589
567,oranjestad,12.524,-70.027,25.3,75,10,7.04,AW,1675260590
568,kampot,10.6167,104.1833,25.03,71,92,2.12,KH,1675260590
569,petropavlovsk-kamchatskiy,53.0452,158.6483,-16.79,71,10,4.79,RU,1675260591
570,marihatag,8.7936,126.2969,24.88,91,66,2.67,PH,1675260592
571,ibadan,7.3878,3.8964,38.56,17,4,1.94,NG,1675260592
572,wajir,1.7471,40.0573,35.32,26,1,2.27,KE,1675260593
573,jishou,28.3167,109.7167,12.2,40,100,4.76,CN,1675260593
574,okitipupa,6.5047,4.7839,38.03,26,0,2.68,NG,1675260594
575,novobureyskiy,49.798,129.8774,-28.33,99,39,0.61,RU,1675260594
576,inirida,3.8653,-67.9239,28.1,52,98,1.38,CO,1675260595
577,chapais,49.7834,-74.8492,-20.12,95,100,0.01,CA,1675259997
578,tilichiki,60.4667,166.1,-11.28,95,100,2.53,RU,1675260596
579,elko,41.0002,-115.5012,-18.53,80,29,0.45,US,1675260558
580,inta,66.0317,60.1659,-5.17,83,98,7.28,RU,1675260596
581,manthani,18.65,79.6667,26.24,31,20,3.86,IN,1675260597
582,meulaboh,4.1363,96.1285,26.35,77,99,1.41,ID,1675260597
583,lang son,21.8333,106.7333,16.51,88,1,1.14,VN,1675260598
584,san roque,36.2107,-5.3842,14.46,67,20,5.14,ES,1675260599
585,krasnogvardeyskoye,45.8456,41.5186,4.64,68,100,0.96,RU,1675260599
586,sulangan,11.1373,123.7228,27.06,82,36,6.29,PH,1675260600
587,maarianhamina,60.0973,19.9348,-0.08,80,0,1.54,AX,1675260600
588,westport,41.1415,-73.3579,-0.96,58,0,4.12,US,1675260601
